"employee_id","full_name","salary","pay_category"
830873,"Forrester Roze",67724,"high pay"
356659,"Dillon Bourges",67599,"high pay"
275505,"Huntley Lovewell",67560,"high pay"
297631,"Nolan Coye",67548,"high pay"
249536,"Austine Benge",67539,"high pay"
8297,"Armando Saffer",67529,"high pay"
563265,"Raynard Westmorland",67494,"high pay"
74978,"Adrianna Joselson",67233,"high pay"
763376,"Frants Paviour",67140,"high pay"
503156,"Julita Gelly",66837,"high pay"
135610,"Debora Skudder",66803,"high pay"
54400,"Ferdinande Schanke",66802,"high pay"
967956,"Teodoor Counihan",66778,"high pay"
321329,"Irita Stripp",66760,"high pay"
732060,"Neill Armsden",66717,"high pay"
332977,"Raf Croysdale",66713,"high pay"
783069,"Thalia Risbrough",66706,"high pay"
614903,"Hamel Grocock",66566,"high pay"
978808,"Rudy Skillman",66460,"high pay"
821497,"Cyb Hurley",66402,"high pay"
850058,"Trenton Acres",66389,"high pay"
839025,"Xaviera Downton",66380,"high pay"
391639,"Denny Fobidge",66256,"high pay"
515229,"Darby Clawley",66015,"high pay"
370214,"Evan Saye",65993,"high pay"
976291,"Montgomery Matzl",65991,"high pay"
646872,"Phillis Keast",65958,"high pay"
743928,"Nicolette Ibbitt",65896,"high pay"
971313,"Conney Critchlow",65762,"high pay"
19375,"Flem Boultwood",65749,"high pay"
765631,"Chrissy Sancroft",65663,"high pay"
217200,"Rickie Bisacre",65592,"high pay"
986129,"Ned Castellanos",65317,"high pay"
652646,"Claiborne McVaugh",64876,"high pay"
391271,"Catherin Miklem",64844,"high pay"
414521,"Bernardine Mousley",64762,"high pay"
577294,"Estevan Wornum",64490,"high pay"
307775,"Lucky Guite",64469,"high pay"
497207,"Ceciley Hinckes",64441,"high pay"
609367,"Gennifer MacCulloch",64292,"high pay"
555908,"Jarrett De Cruze",64244,"high pay"
564381,"Jenine Balassa",64085,"high pay"
467651,"Emylee Webber",64048,"high pay"
756330,"Georgia Scarisbrick",63932,"high pay"
547028,"Beilul Plaxton",63922,"high pay"
882505,"Marcello Athy",63912,"high pay"
232690,"Pincas Mariotte",63860,"high pay"
811703,"Tedie Antonsen",63851,"high pay"
25124,"Miles Wittman",63786,"high pay"
777464,"Ajay Budgey",63754,"high pay"
891720,"Amye Dilger",63671,"high pay"
529529,"Lorens Swate",63641,"high pay"
139608,"Quinton Connah",63632,"high pay"
863973,"Henry Roggers",63579,"high pay"
599663,"Lona Di Bartolomeo",63568,"high pay"
124076,"Marcie McKnockiter",63476,"high pay"
996837,"Norene Bonnick",63340,"high pay"
843152,"Annamaria Jaggli",63304,"high pay"
166035,"Fons Jochanany",63297,"high pay"
987795,"Abelard Edinborough",63289,"high pay"
939898,"Tremain Broadberry",63248,"high pay"
275249,"Suzi Ganforthe",62946,"high pay"
875576,"Loren Greeveson",62907,"high pay"
340638,"Ban Lowell",62866,"high pay"
105042,"Isahella de Glanville",62866,"high pay"
523732,"Seamus Blaine",62820,"high pay"
179533,"Catha Fergie",62740,"high pay"
312252,"Osbourne Alcorn",62677,"high pay"
631157,"Brana McVeigh",62672,"high pay"
387258,"Lewie Barbie",62632,"high pay"
463845,"Rupert Walrond",62608,"high pay"
635191,"Chanda Melwall",62481,"high pay"
296806,"Roxana Lawrey",62462,"high pay"
76970,"Letta Maben",62430,"high pay"
457051,"Sasha Peal",62312,"high pay"
879562,"Fiann Gubbins",62273,"high pay"
34644,"Revkah Mayhou",62263,"high pay"
217151,"Sunny Lurriman",62221,"high pay"
694039,"Fernando Gaymar",62121,"high pay"
972500,"Tilly Auger",62115,"high pay"
132342,"Bary Horbath",62084,"high pay"
506602,"Gerry Forrest",62054,"high pay"
719706,"Maurine Gavey",61948,"high pay"
211210,"Verina De Robertis",61872,"high pay"
908059,"Onofredo Febvre",61870,"high pay"
515402,"Natalee Rohfsen",61694,"high pay"
689086,"Loria Jillions",61583,"high pay"
113056,"Aguistin Placide",61564,"high pay"
5550,"Chandler Baison",61482,"high pay"
56797,"Kayla Rannald",61458,"high pay"
682016,"Alicea Spillett",61421,"high pay"
702218,"Eliza Gonzalo",61276,"high pay"
793737,"Jacintha Gorger",61234,"high pay"
303547,"Rayshell Tomkins",61177,"high pay"
187780,"Laurene Bolton",61120,"high pay"
219723,"Bogey Ghent",60965,"high pay"
556250,"Mikaela Widdowson",60880,"high pay"
211931,"Derrick Kareman",60834,"high pay"
836666,"Roberto Spickett",60826,"high pay"
483626,"Sumner Gwilliams",60716,"high pay"
273078,"Betty Markos",60557,"high pay"
74235,"Devlen Cauderlie",60470,"high pay"
78629,"Daniele Pickthall",60276,"high pay"
552851,"Vidovic Elster",60229,"high pay"
254469,"Lurline Coppin",60227,"high pay"
327219,"Marlow McGillivray",60136,"high pay"
245528,"Talya Beaglehole",60059,"high pay"
692995,"Mack Manifould",59980,"high pay"
164263,"Nichol Fishbourn",59965,"high pay"
916890,"Joya Bayldon",59867,"high pay"
26354,"Cordell Lechmere",59855,"high pay"
700830,"Clarissa Castelli",59785,"high pay"
931198,"Merrill Farnall",59784,"high pay"
776952,"Alick Sambrook",59638,"high pay"
923221,"Syman Pellett",59622,"high pay"
295409,"Paco Eick",59607,"high pay"
145842,"Dag Finnimore",59592,"high pay"
543218,"Sylvan Thurnham",59530,"high pay"
858017,"Sherill Tockell",59482,"high pay"
130514,"Raddie Lishmund",59407,"high pay"
549696,"Lutero Pulster",59356,"high pay"
832172,"Del Cassell",59346,"high pay"
88069,"Stevy Liffe",59321,"high pay"
142635,"Bendick Gomersall",59289,"high pay"
525043,"Maggy Shervil",59185,"high pay"
745522,"Holly Diter",59141,"high pay"
999614,"Stavros Jurewicz",59133,"high pay"
427264,"Tillie Button",59123,"high pay"
881778,"Berny Krzyzaniak",59095,"high pay"
499931,"Michel Bogaert",59062,"high pay"
97597,"Jerrilyn Bruno",59038,"high pay"
440381,"Marielle Lathleiffure",59029,"high pay"
615625,"Wilmette Mein",59009,"high pay"
866422,"Cynthie Allenby",58923,"high pay"
362779,"Inna Dirkin",58862,"high pay"
540056,"Vick Frift",58856,"high pay"
994160,"Arel Sisneros",58852,"high pay"
638204,"Killian Gillett",58768,"high pay"
641429,"Sheela Courtes",58651,"high pay"
594316,"Almire Moir",58636,"high pay"
826977,"Lucas Cuphus",58566,"high pay"
828440,"Brigida Kilgallon",58535,"high pay"
428129,"Talia Shaddick",58500,"high pay"
542379,"Bertha Brocking",58477,"high pay"
438933,"Aubrey Webburn",58367,"high pay"
860506,"Hestia Springate",58302,"high pay"
419731,"Jennee Grieg",58298,"high pay"
240454,"Candace Grinyov",58280,"high pay"
287914,"Hamel Vineall",58278,"high pay"
592770,"Ahmed Cornborough",58236,"high pay"
36435,"Kristina Peaseman",58235,"high pay"
959207,"Welch Priddy",58130,"high pay"
69554,"Gene Keighly",58060,"high pay"
169779,"Jerald Ketton",58033,"high pay"
301543,"Marcello Work",57992,"high pay"
519338,"Sargent Stollard",57960,"high pay"
181482,"Jacenta Bettinson",57914,"high pay"
782284,"Vilhelmina Rayman",57855,"high pay"
247341,"Hayyim Dimont",57826,"high pay"
75097,"Wally Huebner",57731,"high pay"
172709,"Imelda Laslett",57701,"high pay"
369303,"Gabbey Moxstead",57687,"high pay"
644289,"Julianna Sydry",57353,"high pay"
734896,"Dorise Sahlstrom",57294,"high pay"
466777,"Christabel Vickar",57268,"high pay"
455696,"Ferdie Torrent",57219,"high pay"
386546,"Benedicto Wassung",56959,"high pay"
327894,"Adelice Nazareth",56877,"high pay"
473470,"Baudoin Ramsdale",56870,"high pay"
594986,"Gretal Durdy",56821,"high pay"
480613,"Orion Cokly",56785,"high pay"
432995,"Ludovika Deplacido",56758,"high pay"
63525,"Keir Tampin",56747,"high pay"
556789,"Nomi Bettinson",56683,"high pay"
848972,"Maxy Bruggeman",56670,"high pay"
633934,"Kimberley Vautin",56669,"high pay"
774024,"Brittaney Danielut",56661,"high pay"
892896,"Elvis Buckeridge",56643,"high pay"
18059,"Donal Leyburn",56594,"high pay"
637742,"Vida Alsopp",56433,"high pay"
354621,"Ethelin Kleinhausen",56378,"high pay"
847782,"Glenden Kleinhausen",56374,"high pay"
412861,"Melanie Barstow",56326,"high pay"
355765,"Barn Trafford",56133,"high pay"
373569,"Louella Edlin",56112,"high pay"
691775,"Ami Cappell",56054,"high pay"
651180,"Zedekiah McIlrath",56030,"high pay"
578451,"Murvyn Lanney",56011,"high pay"
944713,"Rafaelia Letrange",55954,"high pay"
431600,"Kathe Tocknell",55895,"high pay"
273501,"Lothaire Dron",55887,"high pay"
406236,"Cordey Syms",55827,"high pay"
891944,"Garvin Davidy",55793,"high pay"
980986,"Swen Ondrak",55781,"high pay"
63555,"Laurence Helm",55780,"high pay"
346758,"Dorene Misken",55740,"high pay"
333869,"Oralie Pennuzzi",55722,"high pay"
264536,"Zahara Corser",55712,"high pay"
886110,"Loralie Jehu",55651,"high pay"
919650,"Powell Lillford",55620,"high pay"
40841,"Wendeline Pennigar",55591,"high pay"
342817,"Adorne Zahor",55589,"high pay"
360950,"Garret Croy",55533,"high pay"
727187,"Bartholomew Oneile",55477,"high pay"
830692,"Hortense O Finan",55336,"high pay"
100503,"Kristoforo Mahomet",55286,"high pay"
654104,"Betsey Phizackarley",55266,"high pay"
100542,"Wiatt Blockley",55150,"high pay"
621475,"Elke Pittam",55129,"high pay"
391269,"Averil Capstick",54908,"high pay"
608868,"Annabelle Ottiwill",54857,"high pay"
11660,"Templeton Stedman",54787,"high pay"
193281,"Auberta Greves",54698,"high pay"
613658,"Abbe Bridgeman",54684,"high pay"
396613,"Sharl Mahady",54493,"high pay"
260019,"Karrie Margetson",54434,"high pay"
979102,"Linnell McCorrie",54432,"high pay"
699486,"Roi Comolli",54417,"high pay"
557265,"Bord Petrie",54145,"high pay"
830348,"Jacenta Fraschetti",54027,"high pay"
324955,"Henryetta Landrieu",53993,"high pay"
424594,"Elka Lamartine",53962,"high pay"
102934,"Betti Maddick",53889,"high pay"
668303,"Lettie Christauffour",53830,"high pay"
431832,"Malinda Delany",53793,"high pay"
252050,"Regan Gerram",53756,"high pay"
503621,"Liliane Smallpeice",53700,"high pay"
522236,"Rosemarie Tottman",53672,"high pay"
438120,"Prudence Scudamore",53603,"high pay"
273737,"Antonie Soaper",53558,"high pay"
623414,"Devi Hasell",53462,"high pay"
954153,"Merwin De Winton",53443,"high pay"
713118,"Dante Kinsley",53438,"high pay"
744834,"Kalindi Cromblehome",53223,"high pay"
851333,"Bayard Draco",53150,"high pay"
114602,"Ervin Fessions",53007,"high pay"
139744,"Ad Thurner",52979,"high pay"
242039,"Jenn Chooter",52940,"high pay"
519735,"Shari Devonport",52879,"high pay"
117778,"Lorianna Tomei",52865,"high pay"
599702,"Kara Dohms",52859,"high pay"
144108,"Khalil Corr",52802,"high pay"
332933,"Wat Wallbank",52745,"high pay"
767596,"Veronika Lowle",52613,"high pay"
464471,"Joshua Brickhill",52484,"high pay"
417148,"Alexia Kille",52473,"high pay"
724864,"Stephanie Portam",52470,"high pay"
355331,"Cecilia Ardley",52431,"high pay"
650959,"Berny Methingam",52416,"high pay"
801385,"Bendix Baton",52398,"high pay"
141442,"Torey Mcasparan",52368,"high pay"
861461,"Carmen Wormleighton",52340,"high pay"
856421,"Doralynn Billison",52247,"high pay"
506651,"Steffen Hatcliffe",52219,"high pay"
126377,"Terence Braz",52151,"high pay"
237255,"Giorgi Mignot",51983,"high pay"
421180,"Vinny Cobain",51962,"high pay"
817162,"Leelah Featonby",51841,"high pay"
10771,"Odelinda Dunnett",51840,"high pay"
818843,"Palm Pyke",51831,"high pay"
858668,"Wright Jermy",51818,"high pay"
129948,"Drusie Heustace",51648,"high pay"
866387,"Zsa zsa Delves",51530,"high pay"
187979,"Donal Skea",51447,"high pay"
140407,"Melany Nolleth",51420,"high pay"
672090,"Ashil Hasney",51359,"high pay"
263968,"Isidore Beckey",51314,"high pay"
171454,"Robbie Camock",51250,"high pay"
867231,"Sharity Hefforde",51244,"high pay"
406077,"Wolfgang Banner",51241,"high pay"
312698,"Gordy Aylmore",51222,"high pay"
45644,"Shaine Franiak",51179,"high pay"
574030,"Bernardina Moynihan",51090,"high pay"
110412,"Weber Euston",50998,"high pay"
668661,"Patrice Gilligan",50886,"high pay"
166763,"Roth Cristofolini",50846,"high pay"
826249,"Germaine Bustin",50845,"high pay"
826175,"Jeremias McCane",50743,"high pay"
323494,"Gram Ricca",50738,"high pay"
758347,"Pris Adami",50700,"high pay"
141206,"Finn Rook",50667,"high pay"
887907,"Kienan Worral",50647,"high pay"
134320,"Remy Braven",50582,"high pay"
997332,"Stephan Honniebal",50492,"high pay"
929467,"Brit Wainman",50471,"high pay"
189665,"Maddy Janouch",50384,"high pay"
554094,"Pandora Royans",50345,"high pay"
304318,"Alisha Gaveltone",50220,"high pay"
731179,"Ilyse Tapley",49910,"medium pay"
748158,"Melania Harryman",49895,"medium pay"
248669,"Helen Goodby",49891,"medium pay"
220466,"Boyce Reasce",49847,"medium pay"
506891,"Francine Boij",49654,"medium pay"
488195,"Sayre Fritchley",49626,"medium pay"
463393,"Gale Coxhell",49610,"medium pay"
451446,"Lewiss Guswell",49597,"medium pay"
297214,"Arnaldo Border",49515,"medium pay"
606799,"Leila MacCafferty",49409,"medium pay"
858375,"Rori Tissell",49360,"medium pay"
790257,"Rab Dafter",49327,"medium pay"
907514,"Maire Kennady",49218,"medium pay"
537625,"Orelie Tiddy",49211,"medium pay"
566058,"Early Nicklin",49207,"medium pay"
240348,"Raynor Tue",49201,"medium pay"
153718,"Maison Ratcliffe",49193,"medium pay"
668482,"Maitilde Bartul",49161,"medium pay"
906768,"Midge Selley",49148,"medium pay"
993333,"Rozelle Reolfi",49133,"medium pay"
82874,"Guthrey Mullins",48992,"medium pay"
409762,"Rodrique Bonny",48959,"medium pay"
546126,"Marketa Quigg",48845,"medium pay"
306223,"Celka Esp",48843,"medium pay"
515502,"Harper Dale",48827,"medium pay"
114498,"Lamont Harbertson",48827,"medium pay"
8226,"Nikki Besnardeau",48810,"medium pay"
593508,"Bondon Thying",48799,"medium pay"
995691,"Bendicty Hartfleet",48633,"medium pay"
599230,"Webb Hevey",48477,"medium pay"
18563,"Vere Haskell",48456,"medium pay"
741578,"Maxie Bulled",48422,"medium pay"
624762,"Ninnette Ledwidge",48387,"medium pay"
67821,"Freda Garret",48342,"medium pay"
82125,"Forest Brookes",48095,"medium pay"
758115,"Buddie Saberton",48067,"medium pay"
225709,"Eleen Tarpey",48048,"medium pay"
675833,"Penny Gelletly",47865,"medium pay"
909674,"Brandise Cowland",47792,"medium pay"
90861,"Zonda Lowrey",47722,"medium pay"
846944,"Gabrielle Ornils",47640,"medium pay"
460366,"Sibyl Davidescu",47639,"medium pay"
229066,"Udall Noar",47632,"medium pay"
126531,"Brand Smeeton",47620,"medium pay"
344711,"Vyky Brandin",47615,"medium pay"
706898,"Cathrine Barkley",47588,"medium pay"
8602,"Beniamino Scurfield",47434,"medium pay"
869825,"Remus Mumbeson",47399,"medium pay"
671789,"Deirdre McKillop",47324,"medium pay"
859865,"Farrell Lorent",47258,"medium pay"
570832,"Audy Syme",47236,"medium pay"
402389,"Jeddy Rickwood",47168,"medium pay"
458176,"Zsa zsa Tout",47119,"medium pay"
854959,"Gustavus Kettlestringe",47048,"medium pay"
808185,"Axe Coppledike",47015,"medium pay"
37528,"Bernardine Biesterfeld",46990,"medium pay"
785386,"Tiffani Bausmann",46956,"medium pay"
620600,"Morgen Filimore",46909,"medium pay"
5148,"Irving Tainton",46859,"medium pay"
755091,"Clem Kitchingman",46818,"medium pay"
566156,"Mill Coatham",46713,"medium pay"
30356,"Delmar Phillput",46625,"medium pay"
561166,"Eada Primmer",46598,"medium pay"
452645,"Urbain Morfield",46527,"medium pay"
359950,"Hieronymus Lent",46463,"medium pay"
243037,"Nalani Karleman",46438,"medium pay"
13349,"Alasteir Wison",46402,"medium pay"
708172,"Alaster Demcik",46401,"medium pay"
72434,"Wallie McGavigan",46396,"medium pay"
668586,"Collette Schwandner",46366,"medium pay"
127160,"Katerine Valance",46351,"medium pay"
658193,"Morton Piquard",46321,"medium pay"
3599,"Rooney Livingstone",46257,"medium pay"
630722,"Marion Pachta",46240,"medium pay"
147722,"Cassandry Baumann",46230,"medium pay"
304894,"Renato McNern",46213,"medium pay"
606017,"Jania Cammish",46205,"medium pay"
971295,"Aaren Rickword",46152,"medium pay"
577550,"Alfred Yosifov",46137,"medium pay"
973657,"Rosaleen Parham",46000,"medium pay"
326766,"Kizzee Milch",45977,"medium pay"
666364,"Ryley Dust",45939,"medium pay"
952773,"Emmett Crowne",45879,"medium pay"
806042,"Gardner Kellie",45825,"medium pay"
649003,"Sonya Klassmann",45751,"medium pay"
593979,"Rockie Meriot",45651,"medium pay"
653933,"Harris Eisold",45340,"medium pay"
957865,"Kris Churm",45301,"medium pay"
582550,"Enid Blackford",45268,"medium pay"
916701,"Bertie Flancinbaum",45234,"medium pay"
990424,"Jillayne Tattersfield",45123,"medium pay"
808217,"Kenon McPhelimey",45080,"medium pay"
59526,"Flora Phebey",44981,"medium pay"
502533,"Morry McEneny",44971,"medium pay"
821081,"Bucky Meus",44966,"medium pay"
786176,"Frederick Koppes",44686,"medium pay"
367315,"Devan Skunes",44635,"medium pay"
859912,"Freddy Copnell",44599,"medium pay"
404429,"Eleonore Mewha",44551,"medium pay"
155858,"Shaylynn Yurkov",44547,"medium pay"
359365,"Stirling Stanford",44539,"medium pay"
351573,"Renee Holywell",44446,"medium pay"
180138,"Rochester Grewer",44394,"medium pay"
634345,"Colver Lauga",44385,"medium pay"
912492,"Morgana Fairnie",44294,"medium pay"
997743,"Rab Garlick",44271,"medium pay"
671138,"Olvan Mc Gee",44233,"medium pay"
105269,"Phaedra Piwall",44139,"medium pay"
189553,"Kincaid Duro",44138,"medium pay"
328255,"Garrick Endricci",44110,"medium pay"
6566,"Darin Hackley",44092,"medium pay"
644270,"Heall Battie",44036,"medium pay"
193944,"Nadiya Vyel",43953,"medium pay"
197582,"Joceline Geertsen",43944,"medium pay"
738650,"Noble Vahey",43872,"medium pay"
107135,"Darrell Bickerstasse",43830,"medium pay"
872134,"Janetta Mauchline",43720,"medium pay"
769610,"Cassandra Deares",43651,"medium pay"
82224,"Perry Bewshaw",43545,"medium pay"
267674,"Joseph Dumper",43475,"medium pay"
301877,"Leshia Frail",43427,"medium pay"
983943,"Grace Skivington",43412,"medium pay"
9726,"Ariel Nasi",43333,"medium pay"
498580,"Wilton Samwaye",43256,"medium pay"
204262,"Gerrie MacAndie",43138,"medium pay"
155519,"Sid Lias",43129,"medium pay"
407248,"Lionel Po",42997,"medium pay"
941889,"Hobey Scorah",42952,"medium pay"
166509,"Der Fitzhenry",42875,"medium pay"
753466,"Opal Brunel",42853,"medium pay"
596597,"Caleb Lenox",42806,"medium pay"
748433,"Rosalyn Tonbye",42763,"medium pay"
329345,"Lannie Joseff",42748,"medium pay"
126589,"Giffie Althrope",42708,"medium pay"
417221,"Claudetta Radden",42703,"medium pay"
735083,"Ebony Whelpton",42693,"medium pay"
670432,"Derron Noriega",42667,"medium pay"
764266,"Aila Beyne",42605,"medium pay"
601489,"Edik Saffell",42571,"medium pay"
544558,"Becki Wadworth",42549,"medium pay"
3854,"Anni Calderon",42509,"medium pay"
164960,"Arv Garnsworthy",42491,"medium pay"
799708,"Stephie Dene",42467,"medium pay"
510219,"Kalinda Duffield",42452,"medium pay"
207906,"Itch Schild",42280,"medium pay"
721344,"Georgia Ghelardi",42275,"medium pay"
855599,"Halli Peart",42268,"medium pay"
466371,"Roanne Sketch",42141,"medium pay"
660312,"Knox Gough",42111,"medium pay"
627284,"Haydon McGaffey",42111,"medium pay"
816384,"Ozzie Barles",42101,"medium pay"
254781,"Mirilla Madgin",42029,"medium pay"
232949,"Adamo Ucceli",41865,"medium pay"
755773,"Melisande Jennings",41795,"medium pay"
522676,"Dag Spittall",41725,"medium pay"
520879,"Germaine Guppy",41699,"medium pay"
227334,"Tisha Shellcross",41574,"medium pay"
220691,"Bernelle Lacoste",41560,"medium pay"
93770,"Nessa June",41492,"medium pay"
911029,"Ferdy Espy",41404,"medium pay"
744451,"Sydney Durward",41382,"medium pay"
315234,"Rowan Ashard",41379,"medium pay"
243999,"Jeremy Whitlam",41159,"medium pay"
545287,"Norbert Scandrick",41101,"medium pay"
303506,"Abie Farnfield",40902,"medium pay"
334640,"Lurette Luthwood",40792,"medium pay"
992121,"Corbin Van der Kruys",40758,"medium pay"
305710,"Aigneis Rasper",40737,"medium pay"
113423,"Malissia MacClinton",40710,"medium pay"
359412,"Everett Iowarch",40608,"medium pay"
32034,"Marie-ann Peake",40572,"medium pay"
216158,"Chryste Flinders",40540,"medium pay"
877425,"Horten Byre",40458,"medium pay"
468858,"Thedric Laurand",40392,"medium pay"
12147,"Rees Murford",40378,"medium pay"
221556,"Devan Davidescu",40374,"medium pay"
462755,"Adelina Hubbucks",40296,"medium pay"
747298,"Giacinta Spaice",40236,"medium pay"
399570,"Rosetta Rockall",40222,"medium pay"
80044,"Nanon Isoldi",40209,"medium pay"
451681,"Vince Sodory",40070,"medium pay"
464881,"Bibbie Greader",40058,"medium pay"
239797,"Tess dEscoffier",40021,"medium pay"
465022,"Wakefield Jaze",40020,"medium pay"
587471,"Myron Wagner",40003,"medium pay"
255742,"Kelvin Camelia",40002,"medium pay"
988100,"Sibylla Fordham",39946,"medium pay"
351070,"Benji Creenan",39845,"medium pay"
798789,"Mercedes Diggar",39831,"medium pay"
914376,"Ivar Tonkin",39774,"medium pay"
200518,"Jacques Malarkey",39757,"medium pay"
671875,"Roana Eddisford",39741,"medium pay"
625080,"Shelden Olivey",39508,"medium pay"
408159,"Damiano Philips",39440,"medium pay"
507776,"Susette Barbery",39414,"medium pay"
141019,"Willi Croshaw",39386,"medium pay"
569041,"Jacob Conkie",39309,"medium pay"
628388,"Mara Blore",39215,"medium pay"
149668,"Lorelei Trever",39093,"medium pay"
993034,"Cordell Klyner",39090,"medium pay"
496869,"Maurine Chad",39072,"medium pay"
582583,"Samuele Beckhurst",39070,"medium pay"
66099,"Jimmie Summons",39060,"medium pay"
748923,"Sherlocke Reyson",39052,"medium pay"
779807,"Amerigo McGivena",38968,"medium pay"
353657,"Brigham Boucher",38899,"medium pay"
89869,"Julio Clemerson",38829,"medium pay"
966678,"Welch Ovens",38791,"medium pay"
398443,"Quentin Chalkly",38767,"medium pay"
41210,"Gerri Culter",38526,"medium pay"
971739,"Hyacinth Gorrie",38445,"medium pay"
843290,"Jojo Venus",38391,"medium pay"
884668,"Chloris Buntin",38345,"medium pay"
787503,"Perceval Divis",38291,"medium pay"
96037,"Rennie Bignell",38250,"medium pay"
742242,"Pernell Shobbrook",38247,"medium pay"
769348,"Lorrie Candelin",38231,"medium pay"
767607,"Burt Doll",38228,"medium pay"
300853,"Arabelle Gencke",38060,"medium pay"
11749,"Bourke Kiddy",38039,"medium pay"
886062,"Kaleb Noquet",38034,"medium pay"
853157,"Lorianne Marler",37865,"medium pay"
127093,"Cassius OHanlon",37747,"medium pay"
511470,"Pate Denness",37567,"medium pay"
450209,"Craggie Kryska",37565,"medium pay"
34311,"Chase Mundell",37543,"medium pay"
190564,"Alexina O Concannon",37542,"medium pay"
454685,"Skipp Kyllford",37414,"medium pay"
14924,"Timotheus Poynzer",37313,"medium pay"
35977,"Eddi Cureton",37285,"medium pay"
608727,"Franchot Benedick",37283,"medium pay"
32078,"Arri Bachshell",37283,"medium pay"
300539,"Luciana Liles",37198,"medium pay"
538105,"Thatch Trowell",37163,"medium pay"
954781,"Chip Smallcombe",37142,"medium pay"
300026,"Heinrik Hek",37128,"medium pay"
434218,"Dewitt Paladini",37106,"medium pay"
340428,"Kristy Date",37100,"medium pay"
108269,"Rhianon MacColl",37055,"medium pay"
341009,"Jacquelyn State",37021,"medium pay"
558066,"Chrisy Neat",36931,"medium pay"
203309,"Anet Barbour",36925,"medium pay"
972512,"Frants Tosh",36841,"medium pay"
206334,"Prudence McKerley",36657,"medium pay"
409298,"Petronille Capelin",36642,"medium pay"
583036,"Colas Adicot",36603,"medium pay"
593518,"Iggy Huygen",36574,"medium pay"
418702,"Babs Weich",36561,"medium pay"
840378,"Abner Groger",36486,"medium pay"
148257,"Jacintha Lightoller",36458,"medium pay"
146073,"Morna Lerway",36449,"medium pay"
950841,"Micki Orritt",36441,"medium pay"
493973,"Caz Wilbud",36422,"medium pay"
290971,"Janean Mecco",36405,"medium pay"
617101,"Rance Hamber",36306,"medium pay"
854769,"Shena Jerke",36226,"medium pay"
896228,"Chuck Habbeshaw",35990,"medium pay"
158724,"Franny Hearse",35958,"medium pay"
892815,"Colleen Langley",35768,"medium pay"
868352,"Horatia Calbreath",35756,"medium pay"
259484,"Berenice Christley",35654,"medium pay"
163861,"Torrey Cuerda",35558,"medium pay"
161559,"Odetta Marchington",35536,"medium pay"
117408,"Myrna Zapata",35476,"medium pay"
570607,"Bette Hedworth",35474,"medium pay"
396511,"Doris Bolderoe",35458,"medium pay"
926973,"Tynan Tolchard",35390,"medium pay"
814214,"Stephine Cicccitti",35309,"medium pay"
314377,"Germain Cookes",35305,"medium pay"
30911,"Giffard Jillins",35271,"medium pay"
592641,"Justis Pirdue",35223,"medium pay"
925779,"Pavel Butchard",35003,"medium pay"
453484,"Sly Valens-Smith",34889,"medium pay"
842959,"Francois Bracken",34870,"medium pay"
534463,"Cori Keyme",34868,"medium pay"
634188,"Hermia Bebb",34830,"medium pay"
926646,"Vickie Beamond",34710,"medium pay"
552104,"Chickie Attaway",34702,"medium pay"
537284,"Kesley Alpe",34701,"medium pay"
475619,"Carole Le Floch",34452,"medium pay"
427804,"Liesa Nias",34441,"medium pay"
522088,"Peterus Bruggen",34398,"medium pay"
871677,"Dante Ayris",34333,"medium pay"
403270,"Adella Culbert",34331,"medium pay"
424028,"Tam Pinchbeck",34330,"medium pay"
356335,"Gabriell Drakers",34253,"medium pay"
15685,"Marcile Rustedge",34178,"medium pay"
514602,"Aldus Fermor",34136,"medium pay"
803743,"Emmery Dono",34099,"medium pay"
502267,"Dante Wodeland",34098,"medium pay"
570551,"Debbi Rubinowitsch",33923,"medium pay"
807772,"Launce MacFadzan",33872,"medium pay"
97658,"Drusie Mapis",33855,"medium pay"
146381,"Stinky Tyt",33835,"medium pay"
439567,"Kerwin Lindgren",33729,"medium pay"
452106,"Rollin Phillipp",33623,"medium pay"
627106,"Cherise Balazs",33534,"medium pay"
331440,"Charley Schulze",33509,"medium pay"
486450,"Kerstin Vaugham",33487,"medium pay"
33160,"Emmy Embery",33445,"medium pay"
561390,"Constantine Conibere",33441,"medium pay"
187531,"Reidar Alishoner",33439,"medium pay"
241480,"Boothe Skule",33355,"medium pay"
624702,"Martie Pally",33336,"medium pay"
559611,"Oralee Spooner",33264,"medium pay"
313918,"Luisa Blazek",33199,"medium pay"
598931,"Con Moir",33184,"medium pay"
323891,"Ryon Kislingbury",33139,"medium pay"
63464,"Klaus Everix",33136,"medium pay"
730132,"Corabella McGucken",33095,"medium pay"
524027,"Evania Scudder",33070,"medium pay"
16027,"Julianne Eastbrook",33049,"medium pay"
501559,"Carson Mosconi",32973,"medium pay"
659627,"Austen Waterhouse",32946,"medium pay"
870912,"Gordie Wynes",32902,"medium pay"
313438,"Thurstan Slisby",32878,"medium pay"
515109,"Tiphany Purviss",32868,"medium pay"
518093,"Cyrill Gatherer",32862,"medium pay"
968587,"Rhys Menlove",32844,"medium pay"
285530,"Domenic Kemster",32815,"medium pay"
335028,"Hannie Nouch",32814,"medium pay"
76929,"Lynnea OGlessane",32713,"medium pay"
985663,"Hirsch Comsty",32693,"medium pay"
953770,"Claudelle Bynold",32550,"medium pay"
291934,"Giacopo McGilmartin",32536,"medium pay"
395480,"Westley Ivatt",32473,"medium pay"
319378,"Tobi OConnel",32408,"medium pay"
978201,"Granger Hully",32387,"medium pay"
491388,"Oneida Easeman",32380,"medium pay"
214784,"Buddy Heisham",32356,"medium pay"
646102,"Adolphe Gerleit",32326,"medium pay"
258998,"Ursala Suckling",32316,"medium pay"
65849,"Ruben Lindeman",32034,"medium pay"
994268,"Colleen Maddy",32001,"medium pay"
842691,"Goddard Snaddon",31886,"medium pay"
320343,"Prudi Revance",31815,"medium pay"
39112,"May Leverentz",31655,"medium pay"
62610,"Desmond Brocking",31582,"medium pay"
795038,"Hayward Oxterby",31524,"medium pay"
847100,"Peadar Sego",31489,"medium pay"
175543,"Jimmie Red",31444,"medium pay"
597424,"Carlie McGillivray",31335,"medium pay"
119614,"Dixie Booi",31295,"medium pay"
576929,"Barbe McCarry",31226,"medium pay"
552543,"Stoddard Stowte",31177,"medium pay"
89911,"Dalli Skeermer",31110,"medium pay"
814743,"Mathilde Tesdale",31024,"medium pay"
754546,"Osbourne Muck",31007,"medium pay"
221894,"Hilliard Pedrozzi",30962,"medium pay"
956367,"Perice Tenaunt",30917,"medium pay"
709027,"Stern Loyns",30800,"medium pay"
591441,"Isidore Grigoriev",30644,"medium pay"
183472,"Findlay Steade",30558,"medium pay"
618965,"Lin Brice",30478,"medium pay"
692097,"Roland Morison",30456,"medium pay"
712090,"Georg Sibbons",30415,"medium pay"
3681,"Marwin Berkowitz",30413,"medium pay"
595180,"Pinchas Kubat",30379,"medium pay"
992455,"Ermin Coomer",30316,"medium pay"
845425,"Ringo Baskeyfield",30259,"medium pay"
217484,"Caldwell Bridgeman",30140,"medium pay"
310713,"Ingrid Hudd",30094,"medium pay"
40998,"Levy Weth",30075,"medium pay"
597837,"Reamonn Tuffell",29938,"medium pay"
711847,"Jocelin Tieraney",29855,"medium pay"
54960,"Eachelle Baniard",29847,"medium pay"
79553,"Samuel McGuckin",29795,"medium pay"
329742,"Jacqueline Shuttell",29745,"medium pay"
58648,"Claudio Cornelius",29698,"medium pay"
161059,"Silvano Mowsley",29626,"medium pay"
781695,"Lester Yvon",29493,"medium pay"
655755,"Barnard MacMickan",29460,"medium pay"
542156,"Clerc Vinsen",29381,"medium pay"
514583,"Harriett Ericssen",29372,"medium pay"
794258,"Genia McGarrity",29371,"medium pay"
404384,"Laurena Renak",29359,"medium pay"
458697,"Marcelia Bresson",29269,"medium pay"
645290,"Nick Ismirnioglou",29131,"medium pay"
53481,"Danice Burlingame",29087,"medium pay"
869063,"Ichabod Durno",29070,"medium pay"
275024,"Marius Matisse",29028,"medium pay"
143397,"Aggy Oaks",28991,"medium pay"
470426,"Terrie Wrigley",28806,"medium pay"
309142,"Ronny Melby",28687,"medium pay"
816011,"Read Asplen",28645,"medium pay"
824952,"Marja Lacey",28628,"medium pay"
589816,"Fidel Burford",28523,"medium pay"
981052,"Frank Briant",28513,"medium pay"
805834,"Opal Catterick",28427,"medium pay"
522478,"Flo Blackstone",28400,"medium pay"
369823,"Hildy Haggleton",28320,"medium pay"
257245,"Melvin Veness",28232,"medium pay"
746871,"Joshua Winscum",28232,"medium pay"
590805,"Angeline Coles",28162,"medium pay"
108250,"Roderigo Varley",28140,"medium pay"
249748,"Deanne Fenwick",28056,"medium pay"
591208,"Cristobal Lower",28023,"medium pay"
445855,"Gregoire Charrette",27991,"medium pay"
147158,"Koren Bassick",27948,"medium pay"
883911,"Zita Ditt",27945,"medium pay"
779083,"Lucian Whittleton",27921,"medium pay"
134503,"Lindsey Hatliff",27901,"medium pay"
771294,"Merl Hurt",27769,"medium pay"
450718,"Fionnula Gatehouse",27662,"medium pay"
104993,"Tripp Reye",27564,"medium pay"
81671,"Todd Philipsson",27557,"medium pay"
700274,"Ingra Cassel",27452,"medium pay"
755682,"Elka Janaszkiewicz",27351,"medium pay"
954371,"Jacki Voff",27217,"medium pay"
299859,"Marcela Pickance",27192,"medium pay"
510410,"Tarra Rolin",27191,"medium pay"
757575,"Ruperta Chatto",27063,"medium pay"
159254,"Benton Schusterl",26976,"medium pay"
164315,"Homer Sear",26946,"medium pay"
257502,"Celle Chestnut",26743,"medium pay"
431537,"Tiffi Iceton",26733,"medium pay"
979671,"Zared Ortes",26551,"medium pay"
289575,"Milo Eglese",26489,"medium pay"
741850,"Siusan Pottle",26450,"medium pay"
530603,"Denys Martignoni",26426,"medium pay"
970574,"Brant Blackwood",26259,"medium pay"
304211,"Jareb Taks",26198,"medium pay"
315275,"Dory Beacham",26141,"medium pay"
156830,"Gill Hedaux",26023,"medium pay"
721059,"Merci Nussey",25991,"medium pay"
770040,"Saunderson Sproson",25886,"medium pay"
435574,"Ray Pargeter",25843,"medium pay"
354276,"Osgood McSporon",25815,"medium pay"
435437,"Oliver Sapwell",25813,"medium pay"
88687,"Doralia OKerin",25809,"medium pay"
777255,"Eb Duesberry",25788,"medium pay"
208321,"Elianore Whittuck",25729,"medium pay"
379675,"Paxton MacGaughie",25685,"medium pay"
556112,"Brinna Loxley",25661,"medium pay"
618919,"Cecil Jerok",25520,"medium pay"
25915,"Olivier Everley",25392,"medium pay"
417716,"Alexandr Shapero",25271,"medium pay"
563860,"Gayel Skilling",25218,"medium pay"
262627,"Horatius Soutar",25109,"medium pay"
512102,"Katrine Rochell",24967,"medium pay"
6027,"Pattie Piscotti",24899,"medium pay"
221890,"Bliss Whitecross",24871,"medium pay"
564455,"Arty Widdicombe",24869,"medium pay"
829064,"Gayle Brotherhead",24779,"medium pay"
410278,"Sheri Tirone",24745,"medium pay"
572629,"Linnie Welds",24491,"medium pay"
467929,"Casie Bathow",24465,"medium pay"
119543,"Hedvig Sharma",24291,"medium pay"
246006,"Harriett Entwisle",24231,"medium pay"
910638,"Eustace Pimerick",24229,"medium pay"
59116,"Dew Blewett",24109,"medium pay"
729137,"Lura Stockman",23985,"medium pay"
425650,"Gillian Sallows",23942,"medium pay"
700469,"Giraud Lawless",23785,"medium pay"
758331,"Katharine Sexcey",23772,"medium pay"
641060,"Goldi Morgon",23684,"medium pay"
183779,"Frederik Jindrak",23676,"medium pay"
881896,"Malinde Dunham",23637,"medium pay"
278597,"Trefor Clew",23626,"medium pay"
747112,"Donnie Collop",23580,"medium pay"
811551,"Cob Lynes",23383,"medium pay"
616206,"Vachel Wolstencroft",23341,"medium pay"
259028,"Ebba Josifovic",23238,"medium pay"
386702,"Worthy Giottini",23167,"medium pay"
416988,"Kara-lynn Handmore",23141,"medium pay"
720854,"Sandor Bussy",23088,"medium pay"
21582,"Delmore Thickin",22964,"medium pay"
189901,"Shelli Rubinfajn",22946,"medium pay"
451501,"Marybeth Farnworth",22900,"medium pay"
46169,"Veronike Chicchelli",22703,"medium pay"
498390,"Vikky Caswell",22659,"medium pay"
459611,"Lindsay Mowday",22635,"medium pay"
846592,"Seumas Onge",22634,"medium pay"
772664,"Dehlia Bromwich",22590,"medium pay"
61424,"Danya Ferandez",22576,"medium pay"
473074,"Phillis ODoohaine",22526,"medium pay"
716743,"Veronique Colaton",22517,"medium pay"
843062,"Rosalie Boome",22514,"medium pay"
950016,"Hayyim Humblestone",22292,"medium pay"
860192,"Dorri Burgwin",22229,"medium pay"
914876,"Rafaellle Siaspinski",22210,"medium pay"
69428,"Alane Bingley",22127,"medium pay"
115975,"Tonia Kiddy",22068,"medium pay"
515315,"Mair Philpin",21938,"medium pay"
471002,"Sly Fern",21907,"medium pay"
185481,"Kermie Haswell",21871,"medium pay"
56289,"Enrica Graysmark",21803,"medium pay"
393090,"Geri Mulvenna",21740,"medium pay"
27637,"Culver Yakubov",21725,"medium pay"
778565,"Cristobal Taw",21687,"medium pay"
599468,"Betsey Garrals",21675,"medium pay"
743513,"Edie McGerr",21643,"medium pay"
26448,"Melina Bathersby",21618,"medium pay"
942172,"Zitella Alwen",21606,"medium pay"
993563,"Roxana Foxley",21508,"medium pay"
431992,"Nani Drysdall",21500,"medium pay"
377984,"Hogan Fenby",21473,"medium pay"
781733,"Victoir Bras",21471,"medium pay"
136795,"Danit Pacht",21420,"medium pay"
1764,"Verney Gravenell",21392,"medium pay"
165669,"Yoko Larvent",21277,"medium pay"
413474,"Alaine Alberts",21251,"medium pay"
389520,"Junia Frankum",21192,"medium pay"
886814,"Penelopa Housden",21072,"medium pay"
787752,"Baillie Degenhardt",21066,"medium pay"
64787,"Griswold Colebourn",21055,"medium pay"
156255,"Molly Penright",21024,"medium pay"
955577,"Lodovico Sherrin",20993,"medium pay"
620328,"Freeland Sunshine",20941,"medium pay"
307082,"Farica Donnelly",20835,"medium pay"
700694,"Catlin Simmen",20759,"medium pay"
268488,"Eddie Tilbey",20704,"medium pay"
234071,"Lutero Isaak",20667,"medium pay"
814219,"Zilvia Brackpool",20609,"medium pay"
486538,"Berget Blakesley",20581,"medium pay"
104366,"Merv Klammt",20361,"medium pay"
19488,"Dacia Stainton",20346,"medium pay"
922844,"Carlen Louis",20130,"medium pay"
826290,"Mickey Harwood",19980,"low pay"
36372,"Ignazio Tellenbroker",19921,"low pay"
10500,"Bordy Birden",19897,"low pay"
237532,"Adey Ayshford",19892,"low pay"
131931,"Tanney Kann",19883,"low pay"
268652,"Vincent Elix",19856,"low pay"
251626,"Arty Machent",19703,"low pay"
299527,"Felice Mooring",19639,"low pay"
186170,"Heath Pinckstone",19624,"low pay"
517970,"Calley Seamon",19608,"low pay"
563056,"Dionysus MacKey",19582,"low pay"
208729,"Olenolin Kincla",19570,"low pay"
522265,"Dosi Huby",19566,"low pay"
603571,"Spencer Oldmeadow",19542,"low pay"
323241,"Moishe Lowrie",19475,"low pay"
891871,"Reine Caney",19468,"low pay"
589399,"Dulcia Lansly",19444,"low pay"
451605,"Paolina Skill",19427,"low pay"
913674,"Marguerite Talkington",19412,"low pay"
793404,"Aili Stowe",19337,"low pay"
608725,"Clio Durn",19295,"low pay"
348834,"Alfons McPhillimey",19142,"low pay"
917528,"Brendan Vamplew",19095,"low pay"
770630,"Caria Gerg",19040,"low pay"
815230,"Rockie Simionato",19016,"low pay"
92481,"Sherrie Titman",18894,"low pay"
988360,"Victoir Sewley",18812,"low pay"
12576,"Dacy McIlwreath",18631,"low pay"
117542,"Gisela Muxworthy",18557,"low pay"
47063,"Ugo Landre",18500,"low pay"
440914,"Carolin Tompsett",18447,"low pay"
154744,"Noel Sapir",18370,"low pay"
826752,"Sigismund Gasquoine",18307,"low pay"
62913,"Dilly Irlam",18225,"low pay"
473987,"Gallard Connors",18104,"low pay"
304268,"Annis Philipeaux",17973,"low pay"
816499,"Sarine Keeler",17912,"low pay"
938454,"Beitris Brownstein",17819,"low pay"
874881,"Salomon Stobbart",17793,"low pay"
604694,"Kliment Stert",17776,"low pay"
494837,"Idalina Pavinese",17740,"low pay"
685707,"Claudio Eaves",17730,"low pay"
542112,"Hobey Treace",17691,"low pay"
323702,"Rich Heims",17620,"low pay"
701981,"Gunter Raggett",17602,"low pay"
725760,"Paxton Nequest",17484,"low pay"
125157,"Bartolomeo Gossage",17474,"low pay"
29282,"Jaquith Merwood",17473,"low pay"
65934,"Rufus Siburn",17334,"low pay"
822721,"Jeri Aldersey",17328,"low pay"
303888,"Jackelyn Lohan",17323,"low pay"
796836,"Candice Darnbrook",17292,"low pay"
901775,"Merola Husbands",17256,"low pay"
559473,"Julian Wapol",17203,"low pay"
896725,"Kalil Lomansey",17137,"low pay"
503016,"Ellsworth Kytley",17132,"low pay"
182181,"Arlin Vernay",17068,"low pay"
907750,"Hildy Rooze",17056,"low pay"
36295,"Raynor Hance",17039,"low pay"
492531,"Carmina Grieswood",17007,"low pay"
399449,"Sax Crank",16789,"low pay"
193323,"Darcee Richings",16787,"low pay"
647839,"Gusella Bolan",16757,"low pay"
458735,"Hewitt Ortner",16745,"low pay"
534562,"Britney Bamborough",16707,"low pay"
305671,"Purcell Spens",16678,"low pay"
169886,"Rheba Beckhouse",16661,"low pay"
976042,"Harrietta Rolstone",16433,"low pay"
630723,"Syman Fannon",16424,"low pay"
468001,"Evvie Cotterell",16390,"low pay"
267670,"Krystalle Tortoishell",16320,"low pay"
702386,"Abigael Goodere",16301,"low pay"
167471,"Doralia Boyd",16292,"low pay"
525308,"Ginnie Carwithim",16148,"low pay"
135738,"Federica Clewett",16142,"low pay"
905729,"Mellisent Allot",16126,"low pay"
380383,"Ferrell Allsepp",16091,"low pay"
500970,"Rebbecca Karpychev",16014,"low pay"
36466,"Marie Trebbett",15996,"low pay"
855941,"Gwenny Thurby",15971,"low pay"
61081,"Maurise Lyddiard",15906,"low pay"
102669,"Davina Middle",15855,"low pay"
792279,"Kelvin Klement",15855,"low pay"
342871,"Michale Vickerstaff",15815,"low pay"
626942,"Donica Britzius",15540,"low pay"
387571,"Trina Vickery",15446,"low pay"
261401,"Lizette Dominetti",15416,"low pay"
161780,"Halie Girone",15396,"low pay"
847257,"Guthrey Pennetta",15383,"low pay"
508464,"Jamey Burfitt",15361,"low pay"
847787,"Mureil Fairbrother",15285,"low pay"
590293,"Frazier Balls",15235,"low pay"
240742,"Claudette Alwen",15209,"low pay"
919450,"Piggy Ralph",15175,"low pay"
561012,"Barton Lillow",15083,"low pay"
930160,"Pauly Stelli",15047,"low pay"
386183,"Melisandra Barlie",14990,"low pay"
612524,"Sinclare Dauber",14690,"low pay"
637715,"Meridith Copes",14622,"low pay"
479054,"Austin Durnin",14580,"low pay"
413367,"Corly Libby",14485,"low pay"
812465,"Adora Billion",14378,"low pay"
215123,"Natala Shekle",14375,"low pay"
450160,"Hilary Reeman",14374,"low pay"
557343,"Belle Kem",14360,"low pay"
670668,"Rand Crimin",14345,"low pay"
645755,"Trent Corryer",14321,"low pay"
124550,"Nichole Shaves",14098,"low pay"
652424,"Myrtia Bilbey",14095,"low pay"
298069,"Wren Kenrick",14046,"low pay"
555720,"Stormi Howselee",13954,"low pay"
606334,"Olav Mulqueen",13916,"low pay"
491284,"Dominic Tingley",13852,"low pay"
649417,"Terese Monshall",13829,"low pay"
349993,"Stanleigh Conkay",13738,"low pay"
361422,"Riccardo Pariso",13661,"low pay"
564368,"Isador Gobbett",13660,"low pay"
100811,"Antin Whild",13643,"low pay"
245433,"Isidro Hallyburton",13622,"low pay"
814614,"Simonne Hatchett",13488,"low pay"
272551,"Neilla Laurence",13444,"low pay"
449121,"Vannie Naile",13439,"low pay"
39561,"Purcell Dillintone",13372,"low pay"
832941,"Kalinda Schollick",13348,"low pay"
213719,"Nealy Shipperbottom",13299,"low pay"
637721,"Noby Solan",13286,"low pay"
232837,"Meghann Eilhermann",13263,"low pay"
512209,"Alisha Petheridge",13227,"low pay"
263003,"Maybelle Twiggins",13216,"low pay"
295243,"Enrichetta Bondar",13131,"low pay"
820775,"Keary Buckham",13056,"low pay"
234102,"Kattie Lynagh",13005,"low pay"
82410,"Fitz Pigrome",12977,"low pay"
282692,"Toby Ellison",12917,"low pay"
804988,"Kylen Dollin",12907,"low pay"
604020,"Sherrie Laidler",12905,"low pay"
811558,"Luciana OLyhane",12847,"low pay"
209151,"Thadeus Kingscote",12799,"low pay"
858765,"Daria Smitten",12709,"low pay"
622314,"Fenelia Vanyard",12677,"low pay"
888664,"Hilde Rodmell",12657,"low pay"
90377,"Orsola Giddons",12620,"low pay"
43663,"Doug Sogg",12586,"low pay"
686872,"Hadlee Velti",12569,"low pay"
292928,"Liane Beardwell",12557,"low pay"
334855,"Domingo Mannooch",12530,"low pay"
339442,"Otho Matzke",12450,"low pay"
88381,"Ramona Limpkin",12405,"low pay"
622649,"Kellia Jarrett",12321,"low pay"
804150,"Bertrand Essam",12280,"low pay"
525505,"Latrena Deesly",12247,"low pay"
201598,"Leigha Cullin",12094,"low pay"
72729,"Isabella Izhak",11991,"low pay"
612781,"Farrand Tumpane",11965,"low pay"
321051,"Red Lezemere",11911,"low pay"
995996,"Goldie Rraundl",11907,"low pay"
296287,"Gerik Siaspinski",11892,"low pay"
297489,"Travers Baldung",11880,"low pay"
156210,"Geralda Harbard",11879,"low pay"
310693,"Teddie Itzkovitch",11823,"low pay"
5642,"Margaux Lembcke",11778,"low pay"
476082,"Merilyn Poure",11773,"low pay"
574490,"Erna Choat",11769,"low pay"
354823,"Dolly Joust",11531,"low pay"
117077,"Vittoria Pasmore",11491,"low pay"
324525,"Kellina Beckett",11487,"low pay"
818446,"Cobby Bascombe",11479,"low pay"
175312,"Janela Vidgen",11265,"low pay"
10816,"Maris Ivashkov",11258,"low pay"
923805,"Samantha Cota",11225,"low pay"
237750,"Karlie Kitteman",11187,"low pay"
719542,"Crystal Harback",11032,"low pay"
274333,"Ruby Quillinane",10955,"low pay"
26531,"Claudell Maha",10934,"low pay"
923916,"Butch Bichard",10875,"low pay"
507904,"Petronella Le land",10790,"low pay"
239969,"Berrie Satterley",10753,"low pay"
798766,"Nicolle Leaton",10750,"low pay"
241001,"Arel De Biaggi",10718,"low pay"
453869,"Matty Dolden",10681,"low pay"
232257,"Oliy Aulsford",10601,"low pay"
123501,"Tomi Kermott",10592,"low pay"
157936,"Fred Goodlett",10536,"low pay"
786243,"Ansley ODonnell",10466,"low pay"
123607,"Dewain Seadon",10447,"low pay"
684717,"Evvie Penlington",10436,"low pay"
771498,"Malvina Kloser",10256,"low pay"
783014,"Cecelia Huws",10241,"low pay"
765510,"Gloria Doring",10239,"low pay"
938560,"Samantha Newall",10223,"low pay"
615880,"Lemar Cotgrove",10220,"low pay"
310537,"Gilbertine Whiscard",10176,"low pay"
714848,"Ara Ringe",10086,"low pay"
230049,"Kevon Perrigo",9878,"low pay"
