"full_name","less_than_50k"
"Carson Mosconi",1
"Khalil Corr",""
"Vilhelmina Rayman",""
"Eleen Tarpey",1
"Hamel Grocock",""
"Frazier Balls",1
"Jeremy Whitlam",1
"Webb Hevey",1
"Katharine Sexcey",1
"Barton Lillow",1
"Samantha Newall",1
"Joshua Winscum",1
"Wally Huebner",""
"Austen Waterhouse",1
"Clem Kitchingman",1
"Pavel Butchard",1
"Tarra Rolin",1
"Brigham Boucher",1
"Horten Byre",1
"Annabelle Ottiwill",""
"Rockie Meriot",1
"Terese Monshall",1
"Bartolomeo Gossage",1
"Amye Dilger",""
"Lucas Cuphus",""
"Marja Lacey",1
"Olenolin Kincla",1
"Rab Dafter",1
"Eachelle Baniard",1
"Hilary Reeman",1
"Devi Hasell",""
"Domingo Mannooch",1
"Kermie Haswell",1
"Pattie Piscotti",1
"Beilul Plaxton",""
"Marius Matisse",1
"Sax Crank",1
"Linnie Welds",1
"Carlen Louis",1
"Terence Braz",""
"Rosemarie Tottman",""
"Aili Stowe",1
"Gustavus Kettlestringe",1
"Joya Bayldon",""
"Cordell Klyner",1
"Bucky Meus",1
"Dante Kinsley",""
"Pincas Mariotte",""
"Maxy Bruggeman",""
"Eliza Gonzalo",""
"Auberta Greves",""
"Keary Buckham",1
"Nichole Shaves",1
"Midge Selley",1
"Vyky Brandin",1
"Mirilla Madgin",1
"Linnell McCorrie",""
"Mair Philpin",1
"Rockie Simionato",1
"Estevan Wornum",""
"Tiffi Iceton",1
"Lorianna Tomei",""
"Paxton Nequest",1
"Willi Croshaw",1
"Bayard Draco",""
"Annamaria Jaggli",""
"Renee Holywell",1
"Kara-lynn Handmore",1
"Constantine Conibere",1
"Ned Castellanos",""
"Debbi Rubinowitsch",1
"Gillian Sallows",1
"Sigismund Gasquoine",1
"Gayle Brotherhead",1
"Bernardina Moynihan",""
"Kalil Lomansey",1
"Giacopo McGilmartin",1
"Everett Iowarch",1
"Gabrielle Ornils",1
"Geralda Harbard",1
"Wright Jermy",""
"Freda Garret",1
"Evania Scudder",1
"Mack Manifould",""
"Kayla Rannald",""
"Letta Maben",""
"Anet Barbour",1
"Eddie Tilbey",1
"Lester Yvon",1
"Abner Groger",1
"Brittaney Danielut",""
"Dionysus MacKey",1
"Marcela Pickance",1
"Merl Hurt",1
"Kerwin Lindgren",1
"Cori Keyme",1
"Flem Boultwood",""
"Germain Cookes",1
"Flo Blackstone",1
"Arty Machent",1
"Cordey Syms",""
"Jacenta Bettinson",""
"Ozzie Barles",1
"Weber Euston",""
"Kimberley Vautin",""
"Barn Trafford",""
"Ronny Melby",1
"Roxana Lawrey",""
"Lynnea OGlessane",1
"Abie Farnfield",1
"Debora Skudder",""
"Bourke Kiddy",1
"Ebony Whelpton",1
"Morna Lerway",1
"Mathilde Tesdale",1
"Hayyim Dimont",""
"Murvyn Lanney",""
"Haydon McGaffey",1
"Lucian Whittleton",1
"Thurstan Slisby",1
"Perry Bewshaw",1
"Zahara Corser",""
"Shaine Franiak",""
"Jacki Voff",1
"Finn Rook",""
"Krystalle Tortoishell",1
"Isidore Grigoriev",1
"Flora Phebey",1
"Sibyl Davidescu",1
"Jacquelyn State",1
"Julita Gelly",""
"Garvin Davidy",""
"Merci Nussey",1
"Wren Kenrick",1
"Claudelle Bynold",1
"Homer Sear",1
"Adelice Nazareth",""
"Margaux Lembcke",1
"Bernelle Lacoste",1
"Vikky Caswell",1
"Maddy Janouch",""
"Bliss Whitecross",1
"Giorgi Mignot",""
"Sherrie Titman",1
"Evvie Cotterell",1
"Stephine Cicccitti",1
"Daniele Pickthall",""
"Leigha Cullin",1
"Baudoin Ramsdale",""
"Maxie Bulled",1
"Georg Sibbons",1
"Collette Schwandner",1
"Travers Baldung",1
"Bertha Brocking",""
"Boothe Skule",1
"Gwenny Thurby",1
"Ansley ODonnell",1
"Katrine Rochell",1
"Kelvin Camelia",1
"Purcell Dillintone",1
"Danit Pacht",1
"Belle Kem",1
"Orion Cokly",""
"Louella Edlin",""
"Sydney Durward",1
"Caria Gerg",1
"Marcie McKnockiter",""
"Calley Seamon",1
"Fiann Gubbins",""
"Tam Pinchbeck",1
"Isabella Izhak",1
"Granger Hully",1
"Farrand Tumpane",1
"Noel Sapir",1
"Carmina Grieswood",1
"Alick Sambrook",""
"Julio Clemerson",1
"Mellisent Allot",1
"Shari Devonport",""
"Hamel Vineall",""
"Berny Krzyzaniak",""
"Lettie Christauffour",""
"Aubrey Webburn",""
"Arlin Vernay",1
"Sibylla Fordham",1
"Pate Denness",1
"Chickie Attaway",1
"Doug Sogg",1
"Heall Battie",1
"Butch Bichard",1
"Maybelle Twiggins",1
"Lionel Po",1
"Norene Bonnick",""
"Lizette Dominetti",1
"Natalee Rohfsen",""
"Felice Mooring",1
"Stinky Tyt",1
"Ryon Kislingbury",1
"Raddie Lishmund",""
"Paco Eick",""
"Rebbecca Karpychev",1
"Henryetta Landrieu",""
"Lurette Luthwood",1
"Cob Lynes",1
"Fitz Pigrome",1
"Sasha Peal",""
"Danice Burlingame",1
"Aigneis Rasper",1
"Domenic Kemster",1
"Olav Mulqueen",1
"Liesa Nias",1
"Ugo Landre",1
"Rudy Skillman",""
"Lucky Guite",""
"Phillis Keast",""
"Eb Duesberry",1
"Silvano Mowsley",1
"Rupert Walrond",""
"Seumas Onge",1
"Cassius OHanlon",1
"Deirdre McKillop",1
"Alisha Petheridge",1
"Jarrett De Cruze",""
"Noble Vahey",1
"Garrick Endricci",1
"Olivier Everley",1
"Delmore Thickin",1
"Marcello Work",""
"Buddy Heisham",1
"Rheba Beckhouse",1
"Adey Ayshford",1
"Shaylynn Yurkov",1
"Oralie Pennuzzi",""
"Nadiya Vyel",1
"Giacinta Spaice",1
"Melisande Jennings",1
"Keir Tampin",""
"Phaedra Piwall",1
"Veronika Lowle",""
"Arty Widdicombe",1
"Culver Yakubov",1
"Pandora Royans",""
"Celle Chestnut",1
"Welch Ovens",1
"Remy Braven",""
"Penny Gelletly",1
"Kylen Dollin",1
"Laurence Helm",""
"Goldi Morgon",1
"Betsey Phizackarley",""
"Evvie Penlington",1
"Vickie Beamond",1
"Merilyn Poure",1
"Maggy Shervil",""
"Guthrey Pennetta",1
"Nicolette Ibbitt",""
"Knox Gough",1
"Maurine Chad",1
"Dory Beacham",1
"Harris Eisold",1
"Ferdinande Schanke",""
"Tremain Broadberry",""
"Dag Spittall",1
"Sharity Hefforde",""
"Tilly Auger",""
"Antonie Soaper",""
"Neilla Laurence",1
"Udall Noar",1
"Rollin Phillipp",1
"Ninnette Ledwidge",1
"Dante Ayris",1
"Bendick Gomersall",""
"Siusan Pottle",1
"Nanon Isoldi",1
"Peadar Sego",1
"Tess dEscoffier",1
"Marie-ann Peake",1
"Syman Fannon",1
"Roana Eddisford",1
"Brinna Loxley",1
"Malinda Delany",""
"Hewitt Ortner",1
"Dolly Joust",1
"Stern Loyns",1
"Alexina O Concannon",1
"Ivar Tonkin",1
"Lura Stockman",1
"Toby Ellison",1
"Orelie Tiddy",1
"Daria Smitten",1
"Austine Benge",""
"Sylvan Thurnham",""
"Koren Bassick",1
"Pauly Stelli",1
"Jeri Aldersey",1
"Claudio Eaves",1
"Tisha Shellcross",1
"Audy Syme",1
"Fernando Gaymar",""
"Mara Blore",1
"Rhys Menlove",1
"Desmond Brocking",1
"Adelina Hubbucks",1
"Julianne Eastbrook",1
"Gayel Skilling",1
"Loralie Jehu",""
"Marielle Lathleiffure",""
"Janetta Mauchline",1
"Merv Klammt",1
"Phillis ODoohaine",1
"Michel Bogaert",""
"Roberto Spickett",""
"Austin Durnin",1
"Raynor Tue",1
"Hilde Rodmell",1
"Alane Bingley",1
"Hortense O Finan",""
"Salomon Stobbart",1
"Lutero Pulster",""
"Jenine Balassa",""
"Kaleb Noquet",1
"Vincent Elix",1
"Merwin De Winton",""
"Norbert Scandrick",1
"Sheri Tirone",1
"Verney Gravenell",1
"Elka Lamartine",""
"Rance Hamber",1
"Lorianne Marler",1
"Dag Finnimore",""
"Thadeus Kingscote",1
"Gabbey Moxstead",""
"Ruby Quillinane",1
"Melany Nolleth",""
"Sharl Mahady",""
"Betsey Garrals",1
"Hildy Rooze",1
"Morry McEneny",1
"Jacenta Fraschetti",""
"Doris Bolderoe",1
"Kalinda Duffield",1
"Dominic Tingley",1
"Zita Ditt",1
"Onofredo Febvre",""
"Hyacinth Gorrie",1
"Stoddard Stowte",1
"Evan Saye",""
"Bordy Birden",1
"Rab Garlick",1
"Halie Girone",1
"Abbe Bridgeman",""
"Der Fitzhenry",1
"Stavros Jurewicz",""
"Powell Lillford",""
"Ruben Lindeman",1
"Tedie Antonsen",""
"Gene Keighly",""
"Rowan Ashard",1
"Odelinda Dunnett",""
"Alfred Yosifov",1
"Emylee Webber",""
"Devan Skunes",1
"Reamonn Tuffell",1
"Irving Tainton",1
"Rayshell Tomkins",""
"Doralia Boyd",1
"Ray Pargeter",1
"Oralee Spooner",1
"Mureil Fairbrother",1
"Karrie Margetson",""
"Ruperta Chatto",1
"Betti Maddick",""
"Samantha Cota",1
"Harriett Ericssen",1
"Leila MacCafferty",1
"Tobi OConnel",1
"Enrica Graysmark",1
"Gerik Siaspinski",1
"Frants Tosh",1
"Kattie Lynagh",1
"Petronille Capelin",1
"Verina De Robertis",""
"Ermin Coomer",1
"Fidel Burford",1
"Babs Weich",1
"Laurena Renak",1
"Ursala Suckling",1
"Donica Britzius",1
"Devan Davidescu",1
"Jeremias McCane",""
"Adora Billion",1
"Catlin Simmen",1
"Con Moir",1
"Vida Alsopp",""
"Del Cassell",""
"Elianore Whittuck",1
"Melvin Veness",1
"Danya Ferandez",1
"Donal Leyburn",""
"Barnard MacMickan",1
"Cassandry Baumann",1
"Ahmed Cornborough",""
"Dorri Burgwin",1
"Kienan Worral",""
"Baillie Degenhardt",1
"Melisandra Barlie",1
"Elke Pittam",""
"Roanne Sketch",1
"Clarissa Castelli",""
"Janela Vidgen",1
"Samuele Beckhurst",1
"Yoko Larvent",1
"Lodovico Sherrin",1
"Tomi Kermott",1
"Chloris Buntin",1
"Leshia Frail",1
"Oneida Easeman",1
"Betty Markos",""
"Talya Beaglehole",""
"Tynan Tolchard",1
"Malissia MacClinton",1
"Leelah Featonby",""
"Maurise Lyddiard",1
"Ferdie Torrent",""
"Paxton MacGaughie",1
"Arnaldo Border",1
"Marcelia Bresson",1
"Noby Solan",1
"Geri Mulvenna",1
"Dorise Sahlstrom",""
"Pernell Shobbrook",1
"Orsola Giddons",1
"Hedvig Sharma",1
"Teddie Itzkovitch",1
"Bartholomew Oneile",""
"Cecilia Ardley",""
"Kliment Stert",1
"Marcello Athy",""
"Sunny Lurriman",""
"Dacy McIlwreath",1
"Zilvia Brackpool",1
"Talia Shaddick",""
"Marybeth Farnworth",1
"Nick Ismirnioglou",1
"Purcell Spens",1
"Lewie Barbie",""
"Jerrilyn Bruno",""
"Dacia Stainton",1
"Rozelle Reolfi",1
"Cassandra Deares",1
"Sumner Gwilliams",""
"Heath Pinckstone",1
"Justis Pirdue",1
"Melina Bathersby",1
"Hilliard Pedrozzi",1
"Aguistin Placide",""
"Drusie Heustace",""
"Angeline Coles",1
"Merola Husbands",1
"Samuel McGuckin",1
"Ashil Hasney",""
"Kenon McPhelimey",1
"Ethelin Kleinhausen",""
"Corabella McGucken",1
"Horatia Calbreath",1
"Shelden Olivey",1
"Cobby Bascombe",1
"Corly Libby",1
"Becki Wadworth",1
"Chrissy Sancroft",""
"Jacques Malarkey",1
"Lewiss Guswell",1
"Nealy Shipperbottom",1
"Liane Beardwell",1
"Hermia Bebb",1
"Rosalie Boome",1
"Dosi Huby",1
"Goddard Snaddon",1
"Candice Darnbrook",1
"Fionnula Gatehouse",1
"Jocelin Tieraney",1
"Simonne Hatchett",1
"Alasteir Wison",1
"Anni Calderon",1
"Catha Fergie",""
"Lindsey Hatliff",1
"Rich Heims",1
"Veronike Chicchelli",1
"Eada Primmer",1
"Brandise Cowland",1
"Trefor Clew",1
"Saunderson Sproson",1
"Benedicto Wassung",""
"Carlie McGillivray",1
"Nessa June",1
"Ban Lowell",""
"Molly Penright",1
"Gerri Culter",1
"Quentin Chalkly",1
"Hayyim Humblestone",1
"Raynor Hance",1
"Renato McNern",1
"Huntley Lovewell",""
"Trina Vickery",1
"Beitris Brownstein",1
"Skipp Kyllford",1
"Abelard Edinborough",""
"Federica Clewett",1
"Joshua Brickhill",""
"Kalinda Schollick",1
"Maison Ratcliffe",1
"Grace Skivington",1
"Matty Dolden",1
"Derrick Kareman",""
"Kincaid Duro",1
"Marlow McGillivray",""
"Berget Blakesley",1
"Hestia Springate",""
"Vannie Naile",1
"Chandler Baison",""
"Halli Peart",1
"Tanney Kann",1
"Wilton Samwaye",1
"Karlie Kitteman",1
"Glenden Kleinhausen",""
"Crystal Harback",1
"Kalindi Cromblehome",""
"Holly Diter",""
"Lurline Coppin",""
"Teodoor Counihan",""
"Gisela Muxworthy",1
"Benji Creenan",1
"Imelda Laslett",""
"Chrisy Neat",1
"Stephanie Portam",""
"Bary Horbath",""
"Hannie Nouch",1
"Dewain Seadon",1
"Malinde Dunham",1
"Remus Mumbeson",1
"Dewitt Paladini",1
"Almire Moir",""
"Elka Janaszkiewicz",1
"Steffen Hatcliffe",""
"Gilbertine Whiscard",1
"Eddi Cureton",1
"Kristoforo Mahomet",""
"Alaster Demcik",1
"Sarine Keeler",1
"Luisa Blazek",1
"Catherin Miklem",""
"Fred Goodlett",1
"Marion Pachta",1
"Germaine Bustin",""
"Raf Croysdale",""
"Casie Bathow",1
"Zsa zsa Delves",""
"Axe Coppledike",1
"Wilmette Mein",""
"Ingrid Hudd",1
"Ad Thurner",""
"Chanda Melwall",""
"Bondon Thying",1
"Sherlocke Reyson",1
"Marcile Rustedge",1
"Torrey Cuerda",1
"Shena Jerke",1
"Zonda Lowrey",1
"Ariel Nasi",1
"Enrichetta Bondar",1
"Nicolle Leaton",1
"Zedekiah McIlrath",""
"Kerstin Vaugham",1
"Meridith Copes",1
"Jeddy Rickwood",1
"Jacob Conkie",1
"Freeland Sunshine",1
"Brant Blackwood",1
"Vinny Cobain",""
"Darrell Bickerstasse",1
"Gloria Doring",1
"Thalia Risbrough",""
"Emmery Dono",1
"Ceciley Hinckes",""
"Lothaire Dron",""
"Myrtia Bilbey",1
"Rafaelia Letrange",""
"Gretal Durdy",""
"Jimmie Red",1
"Jennee Grieg",""
"Elvis Buckeridge",""
"Osgood McSporon",1
"Gill Hedaux",1
"Kellina Beckett",1
"Hieronymus Lent",1
"Dew Blewett",1
"Adolphe Gerleit",1
"Myron Wagner",1
"Piggy Ralph",1
"Olvan Mc Gee",1
"Gregoire Charrette",1
"Morgen Filimore",1
"Stephie Dene",1
"Patrice Gilligan",""
"Micki Orritt",1
"Alexandr Shapero",1
"Nichol Fishbourn",""
"Timotheus Poynzer",1
"Dilly Irlam",1
"Welch Priddy",""
"Jacintha Gorger",""
"Cyrill Gatherer",1
"Veronique Colaton",1
"Hobey Treace",1
"Perceval Divis",1
"Isidro Hallyburton",1
"Terrie Wrigley",1
"Beniamino Scurfield",1
"Tiffani Bausmann",1
"Sinclare Dauber",1
"Ludovika Deplacido",""
"Deanne Fenwick",1
"Pinchas Kubat",1
"Bibbie Greader",1
"Chase Mundell",1
"Donnie Collop",1
"Zared Ortes",1
"Eleonore Mewha",1
"Adrianna Joselson",""
"Julian Wapol",1
"Enid Blackford",1
"Ginnie Carwithim",1
"Garret Croy",""
"Dulcia Lansly",1
"Moishe Lowrie",1
"Michale Vickerstaff",1
"Clio Durn",1
"Caz Wilbud",1
"Giraud Lawless",1
"Westley Ivatt",1
"Davina Middle",1
"Adamo Ucceli",1
"Tiphany Purviss",1
"Morgana Fairnie",1
"Melania Harryman",1
"Vachel Wolstencroft",1
"Franny Hearse",1
"Henry Roggers",""
"Seamus Blaine",""
"Irita Stripp",""
"Carmen Wormleighton",""
"Lorens Swate",""
"Brana McVeigh",""
"Laurene Bolton",""
"Rori Tissell",1
"Neill Armsden",""
"Gerry Forrest",""
"Wolfgang Banner",""
"Opal Catterick",1
"Ebba Josifovic",1
"Britney Bamborough",1
"Dante Wodeland",1
"Merrill Farnall",""
"Cristobal Taw",1
"Roi Comolli",""
"Denys Martignoni",1
"Gardner Kellie",1
"Cecil Jerok",1
"Katerine Valance",1
"Early Nicklin",1
"Rodrique Bonny",1
"Montgomery Matzl",""
"Mercedes Diggar",1
"Rosalyn Tonbye",1
"Chip Smallcombe",1
"Isahella de Glanville",""
"Hogan Fenby",1
"Berny Methingam",""
"Jillayne Tattersfield",1
"Germaine Guppy",1
"Mikaela Widdowson",""
"Cherise Balazs",1
"Perice Tenaunt",1
"Abigael Goodere",1
"Marie Trebbett",1
"Claiborne McVaugh",""
"Stormi Howselee",1
"May Leverentz",1
"Aggy Oaks",1
"Rennie Bignell",1
"Arv Garnsworthy",1
"Roland Morison",1
"Kara Dohms",""
"Arel De Biaggi",1
"Killian Gillett",""
"Eustace Pimerick",1
"Peterus Bruggen",1
"Mickey Harwood",1
"Harrietta Rolstone",1
"Reine Caney",1
"Damiano Philips",1
"Chryste Flinders",1
"Charley Schulze",1
"Jaquith Merwood",1
"Milo Eglese",1
"Harper Dale",1
"Riccardo Pariso",1
"Emmett Crowne",1
"Gusella Bolan",1
"Itch Schild",1
"Doralynn Billison",""
"Rosaleen Parham",1
"Reidar Alishoner",1
"Claudette Alwen",1
"Janean Mecco",1
"Vick Frift",""
"Amerigo McGivena",1
"Darin Hackley",1
"Freddy Copnell",1
"Penelopa Housden",1
"Read Asplen",1
"Lorelei Trever",1
"Isidore Beckey",""
"Cyb Hurley",""
"Ichabod Durno",1
"Conney Critchlow",""
"Maurine Gavey",""
"Heinrik Hek",1
"Prudi Revance",1
"Caleb Lenox",1
"Junia Frankum",1
"Berrie Satterley",1
"Kellia Jarrett",1
"Rees Murford",1
"Cristobal Lower",1
"Benton Schusterl",1
"Natala Shekle",1
"Marwin Berkowitz",1
"Alfons McPhillimey",1
"Derron Noriega",1
"Meghann Eilhermann",1
"Gabriell Drakers",1
"Stevy Liffe",""
"Sherrie Laidler",1
"Ingra Cassel",1
"Doralia OKerin",1
"Vince Sodory",1
"Oliver Sapwell",1
"Rooney Livingstone",1
"Adorne Zahor",""
"Brit Wainman",""
"Zsa zsa Tout",1
"Rochester Grewer",1
"Wat Wallbank",""
"Nalani Karleman",1
"Launce MacFadzan",1
"Jacintha Lightoller",1
"Martie Pally",1
"Harriett Entwisle",1
"Loria Jillions",""
"Nani Drysdall",1
"Genia McGarrity",1
"Rand Crimin",1
"Claudell Maha",1
"Worthy Giottini",1
"Osbourne Muck",1
"Rufus Siburn",1
"Joceline Geertsen",1
"Sheela Courtes",""
"Averil Capstick",""
"Sargent Stollard",""
"Lemar Cotgrove",1
"Regan Gerram",""
"Helen Goodby",1
"Bendix Baton",""
"Otho Matzke",1
"Isador Gobbett",1
"Georgia Ghelardi",1
"Ervin Fessions",""
"Ajay Budgey",""
"Marketa Quigg",1
"Colleen Langley",1
"Xaviera Downton",""
"Osbourne Alcorn",""
"Carolin Tompsett",1
"Gerrie MacAndie",1
"Wendeline Pennigar",""
"Jareb Taks",1
"Arabelle Gencke",1
"Ellsworth Kytley",1
"Sid Lias",1
"Antin Whild",1
"Thedric Laurand",1
"Latrena Deesly",1
"Jackelyn Lohan",1
"Gram Ricca",""
"Odetta Marchington",1
"Bette Hedworth",1
"Gunter Raggett",1
"Luciana OLyhane",1
"Frants Paviour",""
"Kristy Date",1
"Bernardine Mousley",""
"Maris Ivashkov",1
"Hildy Haggleton",1
"Lona Di Bartolomeo",""
"Jimmie Summons",1
"Idalina Pavinese",1
"Sandor Bussy",1
"Emmy Embery",1
"Bertie Flancinbaum",1
"Ryley Dust",1
"Marguerite Talkington",1
"Claudetta Radden",1
"Celka Esp",1
"Wakefield Jaze",1
"Prudence McKerley",1
"Francois Bracken",1
"Trent Corryer",1
"Franchot Benedick",1
"Drusie Mapis",1
"Alicea Spillett",""
"Fons Jochanany",""
"Devlen Cauderlie",""
"Lorrie Candelin",1
"Dixie Booi",1
"Wiatt Blockley",""
"Bernardine Biesterfeld",1
"Bendicty Hartfleet",1
"Morton Piquard",1
"Aaren Rickword",1
"Horatius Soutar",1
"Trenton Acres",""
"Alaine Alberts",1
"Liliane Smallpeice",""
"Palm Pyke",""
"Ignazio Tellenbroker",1
"Spencer Oldmeadow",1
"Jacqueline Shuttell",1
"Armando Saffer",""
"Buddie Saberton",1
"Maitilde Bartul",1
"Red Lezemere",1
"Brigida Kilgallon",""
"Arel Sisneros",""
"Forest Brookes",1
"Erna Choat",1
"Ferrell Allsepp",1
"Nomi Bettinson",""
"Brand Smeeton",1
"Dillon Bourges",""
"Hayward Oxterby",1
"Luciana Liles",1
"Francine Boij",1
"Edik Saffell",1
"Torey Mcasparan",""
"Wallie McGavigan",1
"Suzi Ganforthe",""
"Opal Brunel",1
"Farica Donnelly",1
"Gale Coxhell",1
"Jamey Burfitt",1
"Gordy Aylmore",""
"Annis Philipeaux",1
"Kathe Tocknell",""
"Bertrand Essam",1
"Ara Ringe",1
"Claudio Cornelius",1
"Gordie Wynes",1
"Roxana Foxley",1
"Kristina Peaseman",""
"Giffard Jillins",1
"Lindsay Mowday",1
"Tonia Kiddy",1
"Alexia Kille",""
"Denny Fobidge",""
"Maire Kennady",1
"Nikki Besnardeau",1
"Sayre Fritchley",1
"Colas Adicot",1
"Mill Coatham",1
"Kevon Perrigo",1
"Joseph Dumper",1
"Jerald Ketton",""
"Guthrey Mullins",1
"Quinton Connah",""
"Todd Philipsson",1
"Donal Skea",""
"Victoir Sewley",1
"Goldie Rraundl",1
"Rhianon MacColl",1
"Jenn Chooter",""
"Candace Grinyov",""
"Zitella Alwen",1
"Rafaellle Siaspinski",1
"Nolan Coye",""
"Bord Petrie",""
"Lannie Joseff",1
"Urbain Morfield",1
"Frederick Koppes",1
"Melanie Barstow",""
"Gennifer MacCulloch",""
"Swen Ondrak",""
"Stephan Honniebal",""
"Robbie Camock",""
"Stanleigh Conkay",1
"Findlay Steade",1
"Hirsch Comsty",1
"Forrester Roze",""
"Fenelia Vanyard",1
"Clerc Vinsen",1
"Farrell Lorent",1
"Ramona Limpkin",1
"Klaus Everix",1
"Darcee Richings",1
"Aldus Fermor",1
"Hobey Scorah",1
"Cecelia Huws",1
"Ferdy Espy",1
"Giffie Althrope",1
"Dalli Skeermer",1
"Lutero Isaak",1
"Lin Brice",1
"Vere Haskell",1
"Revkah Mayhou",""
"Tripp Reye",1
"Vittoria Pasmore",1
"Delmar Phillput",1
"Brendan Vamplew",1
"Roderigo Varley",1
"Jania Cammish",1
"Victoir Bras",1
"Templeton Stedman",""
"Lamont Harbertson",1
"Frank Briant",1
"Frederik Jindrak",1
"Inna Dirkin",""
"Pris Adami",""
"Shelli Rubinfajn",1
"Paolina Skill",1
"Kelvin Klement",1
"Christabel Vickar",""
"Petronella Le land",1
"Rosetta Rockall",1
"Iggy Huygen",1
"Edie McGerr",1
"Aila Beyne",1
"Malvina Kloser",1
"Dorene Misken",""
"Stirling Stanford",1
"Alisha Gaveltone",""
"Kris Churm",1
"Bogey Ghent",""
"Cordell Lechmere",""
"Oliy Aulsford",1
"Vidovic Elster",""
"Dehlia Bromwich",1
"Raynard Westmorland",""
"Jojo Venus",1
"Boyce Reasce",1
"Darby Clawley",""
"Chuck Habbeshaw",1
"Kizzee Milch",1
"Barbe McCarry",1
"Levy Weth",1
"Ringo Baskeyfield",1
"Thatch Trowell",1
"Colleen Maddy",1
"Prudence Scudamore",""
"Miles Wittman",""
"Colver Lauga",1
"Sherill Tockell",""
"Rickie Bisacre",""
"Susette Barbery",1
"Hadlee Velti",1
"Corbin Van der Kruys",1
"Roth Cristofolini",""
"Cynthie Allenby",""
"Ami Cappell",""
"Carole Le Floch",1
"Myrna Zapata",1
"Syman Pellett",""
"Sly Valens-Smith",1
"Berenice Christley",1
"Gallard Connors",1
"Kesley Alpe",1
"Loren Greeveson",""
"Georgia Scarisbrick",""
"Arri Bachshell",1
"Ilyse Tapley",1
"Tillie Button",""
"Adella Culbert",1
"Griswold Colebourn",1
"Julianna Sydry",""
"Sly Fern",1
"Cathrine Barkley",1
"Burt Doll",1
"Craggie Kryska",1
"Sonya Klassmann",1
"Caldwell Bridgeman",1
